{"accuracy": [0.6102994680404663, 0.8574009537696838, 0.9129241108894348, 0.9382744431495667, 0.9548047780990601, 0.9646632075309753, 0.9709510207176208, 0.9753751754760742, 0.9794864654541016, 0.9813926815986633], "loss": [1.3218916654586792, 0.4470953345298767, 0.27238067984580994, 0.18876396119594574, 0.1400701254606247, 0.10830437391996384, 0.09091819077730179, 0.07502620667219162, 0.06426013261079788, 0.05682626739144325], "val_accuracy": [0.835818350315094, 0.9091736674308777, 0.9210106730461121, 0.941725492477417, 0.9425221681594849, 0.9607899188995361, 0.9586842656135559, 0.9586842656135559, 0.9679604172706604, 0.9549852013587952], "val_loss": [0.525662899017334, 0.27793410420417786, 0.24176025390625, 0.18180961906909943, 0.18620294332504272, 0.1252368986606598, 0.12905436754226685, 0.1358688771724701, 0.10484399646520615, 0.16337913274765015]}